{
    "310": {
        "310300": [
            "310300200",
            "310300100",
            "310300300",
            "310300400",
            "310300600",
            "310300500"
        ],
        "310260": [
            "310260800",
            "310260700",
            "310260600",
            "310260500",
            "310260400",
            "310260100",
            "310260200",
            "310260300"
        ],
        "310150": [
            "310150080",
            "310150010",
            "310150030",
            "310150090",
            "310150040",
            "310150070",
            "310150999"
        ],
        "310130": [
            "310130030",
            "310130080",
            "310130040"
        ],
        "310120": [
            "310120030",
            "310120110",
            "310120020"
        ],
        "310250": [
            null
        ],
        "310400": [
            "310400100",
            "310400200",
            "310400999"
        ],
        "310200": [
            "310200200",
            "310200100"
        ],
        "310220": [
            "310220300",
            "310220100",
            "310220200",
            "310220998"
        ]
    },
    "320": {
        "320300": [
            "320300300",
            "320300200",
            "320300100",
            "320300400",
            "320300600",
            "320300500"
        ],
        "320210": [
            "320210600",
            "320210500",
            "320210700",
            "320210400",
            "320210100",
            "320210200",
            "320210300"
        ],
        "320120": [
            "320120600",
            "320120100",
            "320120200",
            "320120300",
            "320120700",
            "320120999"
        ],
        "320400": [
            null
        ],
        "320500": [
            "320500100",
            "320500200",
            "320500999"
        ],
        "320160": [
            "320160700",
            "320160800"
        ],
        "320180": [
            "320180700",
            "320180600",
            "320180998"
        ]
    },
    "405": {
        "405100": [
            null
        ],
        "405300": [
            "405300300",
            "405300100",
            "405300200",
            "405300999"
        ],
        "405200": [
            "405200300",
            "405200400",
            "405200100",
            "405200200",
            "405200999"
        ],
        "405400": [
            "405400200",
            "405400300",
            "405400400",
            "405400500",
            "405400100",
            "405400600",
            "405400999"
        ]
    },
    "430": {
        "430100": [
            "430100400",
            "430100100",
            "430100200",
            "430100300",
            "430100500",
            "430100999"
        ],
        "430200": [
            "430200100",
            "430200300",
            "430200200",
            "430200500",
            "430200400",
            "430200999"
        ],
        "430300": [
            "430300100",
            "430300999"
        ],
        "430400": [
            null
        ],
        "430500": [
            null
        ],
        "430999": [
            null
        ]
    },
    "421": {
        "421200": [
            "421200100",
            "421200200",
            "421200300",
            "421200400",
            "421200500",
            "421200600"
        ],
        "421100": [
            "421100100",
            "421100200",
            "421100300",
            "421100400",
            "421100500",
            "421100600"
        ],
        "421300": [
            "421300100",
            "421300999"
        ]
    },
    "422": {
        "422200": [
            "422200100",
            "422200200",
            "422200300",
            "422200400",
            "422200500",
            "422200600",
            "422200700"
        ],
        "422100": [
            "422100100",
            "422100200",
            "422100300",
            "422100400",
            "422100500",
            "422100600"
        ],
        "422300": [
            "422300100",
            "422300200",
            "422300300"
        ],
        "422400": [
            "422400100",
            "422400200"
        ],
        "422500": [
            "422500100",
            "422500200",
            "422500300",
            "422500400",
            "422500500"
        ],
        "422600": [
            "422600100",
            "422600200"
        ],
        "422999": [
            null
        ]
    },
    "400": {
        "400070": [
            "400070100",
            "400070700",
            "400070200",
            "400070500",
            "400070999"
        ],
        "400080": [
            "400080300",
            "400080200"
        ],
        "400120": [
            "400120100",
            "400120200"
        ],
        "400130": [
            "400130100",
            "400130200"
        ],
        "400110": [
            "400110100",
            "400110200"
        ],
        "400140": [
            "400140100",
            "400140200"
        ],
        "400090": [
            null
        ],
        "400600": [
            null
        ],
        "400999": [
            null
        ]
    }
}